{"metadata":{"asset_id":"f0b0fbea-04df-49ea-9003-651115cfd03b","asset_attributes":["notebook"],"name":"Visual Analytics with Folium lab","asset_type":"notebook","created_at":"2021-10-19T13:48:02Z","description":"W3-1","origin_country":"us","owner_id":"IBMid-6630028HN4","project_id":"83b045c8-53e3-43b8-9ca3-6d3ad32ad975","size":20193,"tags":["notebook"],"usage":{"last_update_time":1634661549442,"last_updated_at":"2021-10-19T16:39:09Z"}},"entity":{"notebook":{"kernel":{"name":"python3","display_name":"Python 3.8","language":"python"},"originates_from":{"type":"blank"},"runtime":{"environment":"conda2py38-83b045c8-53e3-43b8-9ca3-6d3ad32ad975"}}},"attachments":[{"id":"54458c35-1384-4f4d-acae-9b5a357eb6e3","version":2,"asset_type":"notebook","name":"attachment for notebook f0b0fbea-04df-49ea-9003-651115cfd03b","description":"attachment for notebook f0b0fbea-04df-49ea-9003-651115cfd03b","mime":"application/json","datasource_type":"193a97c1-4475-4a19-b90c-295c4fdc6517","object_key":"notebook/Visual_Analytics_with_Folium_lab_oF-rbqMlq.ipynb","creator_id":"IBMid-6630028HN4","create_time":1634651284110,"size":20193,"is_remote":false,"is_managed":false,"is_referenced":true,"is_object_key_read_only":false,"is_user_provided_path_key":true,"transfer_complete":true,"is_partitioned":false,"complete_time_ticks":1634651284110,"user_data":{},"test_doc":0,"handle":{"bucket":"applieddatasciencecapstone-donotdelete-pr-asuw5ofgte2e9c","location":"ap-geo","key":"notebook/Visual_Analytics_with_Folium_lab_oF-rbqMlq.ipynb","upload_id":"done","max_part_num":1},"usage":{"access_count":0,"last_accessor_id":"IBMid-6630028HN4","last_access_time":1634651284110}}]}
