{"metadata":{"asset_id":"06d4fb50-9a41-43e7-b3c3-b4fc6fc8ebea","asset_attributes":["notebook"],"name":"Machine Learning Prediction lab","asset_type":"notebook","created_at":"2021-10-19T16:40:06Z","description":"W4-1","origin_country":"us","owner_id":"IBMid-6630028HN4","project_id":"83b045c8-53e3-43b8-9ca3-6d3ad32ad975","size":16188,"tags":["notebook"],"usage":{"last_update_time":1634734460143,"last_updated_at":"2021-10-20T12:54:20Z"}},"entity":{"notebook":{"kernel":{"name":"python3","display_name":"Python 3.8","language":"python"},"originates_from":{"type":"blank"},"runtime":{"environment":"conda2py38-83b045c8-53e3-43b8-9ca3-6d3ad32ad975"}}},"attachments":[{"id":"422d799e-9f7f-498b-a346-af56d5176234","version":2,"asset_type":"notebook","name":"attachment for notebook 06d4fb50-9a41-43e7-b3c3-b4fc6fc8ebea","description":"attachment for notebook 06d4fb50-9a41-43e7-b3c3-b4fc6fc8ebea","mime":"application/json","datasource_type":"193a97c1-4475-4a19-b90c-295c4fdc6517","object_key":"notebook/Machine_Learning_Prediction_lab_RbScaG_Lq.ipynb","creator_id":"IBMid-6630028HN4","create_time":1634661607456,"size":16188,"is_remote":false,"is_managed":false,"is_referenced":true,"is_object_key_read_only":false,"is_user_provided_path_key":true,"transfer_complete":true,"is_partitioned":false,"complete_time_ticks":1634661607456,"user_data":{},"test_doc":0,"handle":{"bucket":"applieddatasciencecapstone-donotdelete-pr-asuw5ofgte2e9c","location":"ap-geo","key":"notebook/Machine_Learning_Prediction_lab_RbScaG_Lq.ipynb","upload_id":"done","max_part_num":1},"usage":{"access_count":0,"last_accessor_id":"IBMid-6630028HN4","last_access_time":1634661607456}}]}
