{"metadata":{"asset_id":"21d75ddc-924c-441e-ab6a-5110deb11a23","asset_attributes":["notebook"],"name":"EDA with SQL lab","asset_type":"notebook","created_at":"2021-10-19T10:57:48Z","description":"W2-1","origin_country":"us","owner_id":"IBMid-6630028HN4","project_id":"83b045c8-53e3-43b8-9ca3-6d3ad32ad975","size":12916,"tags":["notebook"],"usage":{"last_update_time":1634975399215,"last_updated_at":"2021-10-23T07:49:59Z"}},"entity":{"notebook":{"kernel":{"name":"python3","display_name":"Python 3.8","language":"python"},"originates_from":{"type":"blank"},"runtime":{"environment":"conda2py38-83b045c8-53e3-43b8-9ca3-6d3ad32ad975"}}},"attachments":[{"id":"7126b97c-28b0-4358-ba0f-3b896f09fb1d","version":2,"asset_type":"notebook","name":"attachment for notebook 21d75ddc-924c-441e-ab6a-5110deb11a23","description":"attachment for notebook 21d75ddc-924c-441e-ab6a-5110deb11a23","mime":"application/json","datasource_type":"193a97c1-4475-4a19-b90c-295c4fdc6517","object_key":"notebook/EDA_with_SQL_lab_uVXEW2rUy.ipynb","creator_id":"IBMid-6630028HN4","create_time":1634641069316,"size":12916,"is_remote":false,"is_managed":false,"is_referenced":true,"is_object_key_read_only":false,"is_user_provided_path_key":true,"transfer_complete":true,"is_partitioned":false,"complete_time_ticks":1634641069316,"user_data":{},"test_doc":0,"handle":{"bucket":"applieddatasciencecapstone-donotdelete-pr-asuw5ofgte2e9c","location":"ap-geo","key":"notebook/EDA_with_SQL_lab_uVXEW2rUy.ipynb","upload_id":"done","max_part_num":1},"usage":{"access_count":0,"last_accessor_id":"IBMid-6630028HN4","last_access_time":1634641069316}}]}
