{"metadata":{"asset_id":"187b1681-dda2-4b4d-9a58-5351a0e9ebeb","asset_attributes":["notebook"],"name":"Data Wrangling","asset_type":"notebook","created_at":"2021-10-19T06:19:01Z","description":"W1-3","origin_country":"us","owner_id":"IBMid-6630028HN4","project_id":"83b045c8-53e3-43b8-9ca3-6d3ad32ad975","size":17246,"tags":["notebook"],"usage":{"last_update_time":1634640939285,"last_updated_at":"2021-10-19T10:55:39Z"}},"entity":{"notebook":{"kernel":{"name":"python3","display_name":"Python 3.8","language":"python"},"originates_from":{"type":"blank"},"runtime":{"environment":"conda2py38-83b045c8-53e3-43b8-9ca3-6d3ad32ad975"}}},"attachments":[{"id":"c0a7d935-199a-4b47-95f7-9936afd87e7b","version":2,"asset_type":"notebook","name":"attachment for notebook 187b1681-dda2-4b4d-9a58-5351a0e9ebeb","description":"attachment for notebook 187b1681-dda2-4b4d-9a58-5351a0e9ebeb","mime":"application/json","datasource_type":"193a97c1-4475-4a19-b90c-295c4fdc6517","object_key":"notebook/Data_Wrangling_hPkZZ9YzB.ipynb","creator_id":"IBMid-6630028HN4","create_time":1634624342288,"size":17246,"is_remote":false,"is_managed":false,"is_referenced":true,"is_object_key_read_only":false,"is_user_provided_path_key":true,"transfer_complete":true,"is_partitioned":false,"complete_time_ticks":1634624342288,"user_data":{},"test_doc":0,"handle":{"bucket":"applieddatasciencecapstone-donotdelete-pr-asuw5ofgte2e9c","location":"ap-geo","key":"notebook/Data_Wrangling_hPkZZ9YzB.ipynb","upload_id":"done","max_part_num":1},"usage":{"access_count":0,"last_accessor_id":"IBMid-6630028HN4","last_access_time":1634624342288}}]}
