{"metadata":{"asset_id":"b3dc5f85-08fa-4218-9e4a-313db6c5b102","asset_attributes":["notebook"],"name":"Data Collection with Web Scraping","asset_type":"notebook","created_at":"2021-10-17T08:49:36Z","description":"","origin_country":"us","owner_id":"IBMid-6630028HN4","project_id":"83b045c8-53e3-43b8-9ca3-6d3ad32ad975","size":16791,"tags":["notebook"],"usage":{"last_update_time":1634623949426,"last_updated_at":"2021-10-19T06:12:29Z"}},"entity":{"notebook":{"kernel":{"name":"python3","display_name":"Python 3.8","language":"python"},"originates_from":{"type":"blank"},"runtime":{"environment":"conda2py38-83b045c8-53e3-43b8-9ca3-6d3ad32ad975"}}},"attachments":[{"id":"3042ec83-1de8-4ff0-a002-6e124ec17405","version":2,"asset_type":"notebook","name":"attachment for notebook b3dc5f85-08fa-4218-9e4a-313db6c5b102","description":"attachment for notebook b3dc5f85-08fa-4218-9e4a-313db6c5b102","mime":"application/json","datasource_type":"193a97c1-4475-4a19-b90c-295c4fdc6517","object_key":"notebook/Data_Collection_with_Web_Scraping_pUBfYxX8w.ipynb","creator_id":"IBMid-6630028HN4","create_time":1634460576639,"size":16791,"is_remote":false,"is_managed":false,"is_referenced":true,"is_object_key_read_only":false,"is_user_provided_path_key":true,"transfer_complete":true,"is_partitioned":false,"complete_time_ticks":1634460576639,"user_data":{},"test_doc":0,"handle":{"bucket":"applieddatasciencecapstone-donotdelete-pr-asuw5ofgte2e9c","location":"ap-geo","key":"notebook/Data_Collection_with_Web_Scraping_pUBfYxX8w.ipynb","upload_id":"done","max_part_num":1},"usage":{"access_count":0,"last_accessor_id":"IBMid-6630028HN4","last_access_time":1634460576639}}]}
