{"metadata":{"asset_id":"6b85f11d-69c4-4ca4-81d6-fc12e4a33ec1","asset_attributes":["notebook"],"name":"Data Collection API","asset_type":"notebook","created_at":"2021-10-03T14:25:42Z","description":"","origin_country":"us","owner_id":"IBMid-6630028HN4","project_id":"83b045c8-53e3-43b8-9ca3-6d3ad32ad975","size":18515,"tags":["notebook"],"usage":{"last_update_time":1634510258610,"last_updated_at":"2021-10-17T22:37:38Z"}},"entity":{"notebook":{"kernel":{"name":"python3","display_name":"Python 3.8","language":"python"},"originates_from":{"type":"blank"},"runtime":{"environment":"conda2py38-83b045c8-53e3-43b8-9ca3-6d3ad32ad975"}}},"attachments":[{"id":"42c2f4e8-4943-4c40-aedb-f502ee9d66f7","version":2,"asset_type":"notebook","name":"attachment for notebook 6b85f11d-69c4-4ca4-81d6-fc12e4a33ec1","description":"attachment for notebook 6b85f11d-69c4-4ca4-81d6-fc12e4a33ec1","mime":"application/json","datasource_type":"193a97c1-4475-4a19-b90c-295c4fdc6517","object_key":"notebook/Data_Collection_API_w-GBcMuzs.ipynb","creator_id":"IBMid-6630028HN4","create_time":1633271142621,"size":18515,"is_remote":false,"is_managed":false,"is_referenced":true,"is_object_key_read_only":false,"is_user_provided_path_key":true,"transfer_complete":true,"is_partitioned":false,"complete_time_ticks":1633271142621,"user_data":{},"test_doc":0,"handle":{"bucket":"applieddatasciencecapstone-donotdelete-pr-asuw5ofgte2e9c","location":"ap-geo","key":"notebook/Data_Collection_API_w-GBcMuzs.ipynb","upload_id":"done","max_part_num":1},"usage":{"access_count":0,"last_accessor_id":"IBMid-6630028HN4","last_access_time":1633271142621}}]}
