{"metadata":{"asset_id":"0f984a84-92a1-4a92-81f7-63c052a14a61","asset_attributes":["notebook"],"name":"EDA with Visualization lab","asset_type":"notebook","created_at":"2021-10-19T12:34:51Z","description":"W2-2","origin_country":"us","owner_id":"IBMid-6630028HN4","project_id":"83b045c8-53e3-43b8-9ca3-6d3ad32ad975","size":13961,"tags":["notebook"],"usage":{"last_update_time":1634651225939,"last_updated_at":"2021-10-19T13:47:05Z"}},"entity":{"notebook":{"kernel":{"name":"python3","display_name":"Python 3.8","language":"python"},"originates_from":{"type":"blank"},"runtime":{"environment":"conda2py38-83b045c8-53e3-43b8-9ca3-6d3ad32ad975"}}},"attachments":[{"id":"bb57bef2-d55e-4dcf-86ce-6a53f9407352","version":2,"asset_type":"notebook","name":"attachment for notebook 0f984a84-92a1-4a92-81f7-63c052a14a61","description":"attachment for notebook 0f984a84-92a1-4a92-81f7-63c052a14a61","mime":"application/json","datasource_type":"193a97c1-4475-4a19-b90c-295c4fdc6517","object_key":"notebook/EDA_with_Visualization_lab_eDVmD_KVd.ipynb","creator_id":"IBMid-6630028HN4","create_time":1634646892970,"size":13961,"is_remote":false,"is_managed":false,"is_referenced":true,"is_object_key_read_only":false,"is_user_provided_path_key":true,"transfer_complete":true,"is_partitioned":false,"complete_time_ticks":1634646892970,"user_data":{},"test_doc":0,"handle":{"bucket":"applieddatasciencecapstone-donotdelete-pr-asuw5ofgte2e9c","location":"ap-geo","key":"notebook/EDA_with_Visualization_lab_eDVmD_KVd.ipynb","upload_id":"done","max_part_num":1},"usage":{"access_count":0,"last_accessor_id":"IBMid-6630028HN4","last_access_time":1634646892970}}]}
